"Municipio","Departamento","Matemática","Lenguaje","Promedio","Evaluados"
"LA UNION","NARIÑO",58.54,48.88,0.9,247
"SAN JOSE DE MIRANDA","SANTANDER",53.83,51.52,0.9,23
"COLON (GENOVA)","NARIÑO",55.72,47.93,0.81,85
"IZA","BOYACÁ",52.25,49.75,0.8,12
"ENTRERRIOS","ANTIOQUIA",49.41,50.63,0.77,76
"CERINZA","BOYACÁ",48.97,50.69,0.76,59
"SANTA MARIA","BOYACÁ",47.31,51.59,0.76,32
"SAN EDUARDO","BOYACÁ",48.25,51,0.76,20
"BUCARAMANGA","SANTANDER",49.86,50.02,0.76,4838
"CONCEPCION","SANTANDER",50.08,49.65,0.75,37
"PAIPA","BOYACÁ",48.84,50.08,0.74,364
"CHARALA","SANTANDER",49.08,49.81,0.73,181
"MALAGA","SANTANDER",49.72,49.4,0.73,381
"DUITAMA","BOYACÁ",49.57,49.48,0.73,1556
"TUNJA","BOYACÁ",48.77,49.9,0.73,1713
"CAMPOHERMOSO","BOYACÁ",48.14,50.24,0.73,29
"LA CEJA","ANTIOQUIA",48.19,49.94,0.72,495
"ARCABUCO","BOYACÁ",50.33,48.66,0.72,64
"SOGAMOSO","BOYACÁ",48.69,49.59,0.72,1216
"LA CRUZ","NARIÑO",53.15,46.68,0.71,246
"PAZ DE RIO","BOYACÁ",50.47,48.23,0.71,53
"PAEZ","BOYACÁ",45.81,50.75,0.7,32
"SAN GIL","SANTANDER",48.5,48.93,0.69,649
"PUERRES","NARIÑO",48.79,48.74,0.69,91
"BARICHARA","SANTANDER",48.28,49.02,0.69,95
"SABANETA","ANTIOQUIA",46.33,50.11,0.69,514
"TINJACA","BOYACÁ",46.91,49.76,0.69,34
"HISPANIA","ANTIOQUIA",45.84,50.36,0.68,25
"CAROLINA","ANTIOQUIA",46.67,49.87,0.68,30
"CHIA","CUNDINAMARCA",47.48,49.36,0.68,866
"IPIALES","NARIÑO",47.85,49.07,0.68,1150
"ENVIGADO","ANTIOQUIA",46.64,49.67,0.68,1425
"CALDAS","BOYACÁ",50.61,47.31,0.68,67
"ENCISO","SANTANDER",52.02,46.45,0.67,53
"PAICOL","HUILA",49.27,48.05,0.67,44
"TUQUERRES","NARIÑO",48.53,48.46,0.67,393
"FLORIDABLANCA","SANTANDER",47.44,49.09,0.67,1966
"FIRAVITOBA","BOYACÁ",47.4,49.04,0.67,71
"OCAÑA","NORTE SANTANDER",48.34,48.43,0.67,1009
"COPACABANA","ANTIOQUIA",46.31,49.55,0.67,787
"CHINACOTA","NORTE SANTANDER",47.1,49.08,0.67,187
"JARDIN","ANTIOQUIA",45.24,50.16,0.66,124
"GUARNE","ANTIOQUIA",46.39,49.46,0.66,393
"BUENAVISTA","BOYACÁ",48.15,48.41,0.66,61
"CARMEN DE VIBORAL","ANTIOQUIA",46.68,49.24,0.66,527
"GARAGOA","BOYACÁ",48.01,48.4,0.66,233
"AGUADA","SANTANDER",48.25,48.25,0.66,20
"LA MESA","CUNDINAMARCA",46.01,49.48,0.66,255
"SANDONA","NARIÑO",49.56,47.38,0.66,263
"BERBEO","BOYACÁ",46.85,48.95,0.66,20
"SURATA","SANTANDER",51.22,46.22,0.65,36
"DON MATIAS","ANTIOQUIA",45.45,49.61,0.65,104
"LA ARGENTINA","HUILA",44.76,49.99,0.65,127
"PUPIALES","NARIÑO",46.88,48.75,0.65,223
"CARCASI","SANTANDER",46.46,48.9,0.65,30
"TIBANA","BOYACÁ",49.12,47.27,0.64,60
"SOCORRO","SANTANDER",46.85,48.59,0.64,378
"MARINILLA","ANTIOQUIA",46.05,49.05,0.64,548
"BOLIVAR","SANTANDER",46.21,48.88,0.64,88
"LEBRIJA","SANTANDER",47.96,47.83,0.64,323
"PEÑOL","ANTIOQUIA",46.56,48.59,0.64,203
"VILLA DE LEYVA","BOYACÁ",48.07,47.7,0.64,138
"SOATA","BOYACÁ",48.26,47.54,0.63,143
"EL TAMBO","NARIÑO",47.75,47.71,0.63,152
"ALTAMIRA","HUILA",45.89,48.76,0.63,45
"SAN BERNARDO","NARIÑO",46.7,48.28,0.63,109
"PAMPLONA","NORTE SANTANDER",46.21,48.48,0.62,535
"GUACHUCAL","NARIÑO",46.33,48.41,0.62,197
"LA ESTRELLA","ANTIOQUIA",44.95,49.21,0.62,471
"SUTAMARCHAN","BOYACÁ",47.92,47.46,0.62,59
"NOBSA","BOYACÁ",45.52,48.86,0.62,188
"TERUEL","HUILA",46.48,48.28,0.62,46
"SANTA ROSA DE VITERBO","BOYACÁ",46.43,48.3,0.62,145
"TURMEQUE","BOYACÁ",48.28,47.22,0.62,140
"VELEZ","SANTANDER",47.23,47.82,0.62,257
"HERRAN","NORTE SANTANDER",45.42,48.83,0.62,24
"PALMIRA","VALLE",45.81,48.6,0.62,2683
"FUQUENE","CUNDINAMARCA",44.43,49.32,0.62,65
"PACHAVITA","BOYACÁ",46.3,48.2,0.62,10
"GUAYATA","BOYACÁ",47.41,47.49,0.61,37
"PASTO","NARIÑO",46.29,48.13,0.61,3718
"VILLAVICENCIO","META",45.92,48.34,0.61,4311
"PUENTE NACIONAL","SANTANDER",46.67,47.9,0.61,344
"MIRAFLORES","BOYACÁ",46.7,47.87,0.61,103
"PAMPLONITA","NORTE SANTANDER",46.05,48.22,0.61,42
"CAJICA","CUNDINAMARCA",46.09,48.18,0.61,546
"FACATATIVA","CUNDINAMARCA",45.03,48.77,0.61,1220
"SANTA ROSA DE CABAL","RISARALDA",45.83,48.27,0.61,660
"LA SALINA","CASANARE",46.73,47.73,0.61,11
"RESTREPO","META",46.04,48.13,0.61,241
"ARBELAEZ","CUNDINAMARCA",46.3,47.96,0.61,144
"SANTA ISABEL","TOLIMA",45.9,48.19,0.61,57
"EL GUACAMAYO","SANTANDER",47.96,46.96,0.61,23
"UNE","CUNDINAMARCA",45.17,48.58,0.61,76
"TIBASOSA","BOYACÁ",46.69,47.69,0.61,191
"ZIPAQUIRA","CUNDINAMARCA",46.21,47.93,0.6,1159
"PALERMO","HUILA",47.09,47.4,0.6,231
"SARDINATA","NORTE SANTANDER",46.06,47.97,0.6,146
"CRAVO NORTE","ARAUCA",44.21,49.04,0.6,28
"PITALITO","HUILA",45.85,48.05,0.6,1452
"BOGOTÁ D.C.","BOGOTÁ",45.41,48.3,0.6,51372
"VETAS","SANTANDER",47.06,47.33,0.6,18
"SANTUARIO","ANTIOQUIA",44.85,48.63,0.6,277
"NOCAIMA","CUNDINAMARCA",45.09,48.46,0.6,83
"SOPO","CUNDINAMARCA",46.14,47.82,0.6,296
"SAN ALBERTO","CESAR",46.52,47.59,0.6,174
"CHIQUINQUIRA","BOYACÁ",46.35,47.68,0.6,895
"SIBUNDOY","PUTUMAYO",45.75,48.03,0.6,314
"MOSQUERA","CUNDINAMARCA",45.32,48.27,0.6,892
"BITUIMA","CUNDINAMARCA",44.29,48.86,0.6,21
"MANIZALES","CALDAS",45.62,48.07,0.6,3770
"POPAYAN","CAUCA",45.78,47.97,0.6,2730
"TOCANCIPA","CUNDINAMARCA",46.39,47.61,0.6,431
"SAN FRANCISCO","ANTIOQUIA",45.52,48.11,0.6,27
"GIRON","SANTANDER",45.96,47.81,0.6,1257
"DOS QUEBRADAS","RISARALDA",44.98,48.36,0.59,1551
"LA CALERA","CUNDINAMARCA",44.54,48.6,0.59,199
"POTOSI","NARIÑO",45.31,48.11,0.59,132
"CIRCASIA","QUINDÍO",45.77,47.82,0.59,354
"NARIÑO","NARIÑO",45.74,47.82,0.59,39
"SORACA","BOYACÁ",45.42,48,0.59,73
"SAN JOSE DE LA MONTAÑA","ANTIOQUIA",46.12,47.58,0.59,33
"SAN LUIS DE PALENQUE","CASANARE",45.06,48.19,0.59,88
"CONSACA","NARIÑO",46.82,47.13,0.59,126
"GINEBRA","VALLE",45.23,48.04,0.59,217
"BELEN","NARIÑO",47.51,46.69,0.59,104
"TASCO","BOYACÁ",46.57,47.24,0.59,51
"GOMEZ PLATA","ANTIOQUIA",45.21,48.03,0.59,97
"PASCA","CUNDINAMARCA",44.26,48.53,0.59,199
"ITAGUI","ANTIOQUIA",44.79,48.22,0.58,2686
"VILLANUEVA","SANTANDER",47.33,46.72,0.58,110
"PIEDECUESTA","SANTANDER",45.67,47.69,0.58,1558
"CONTRATACION","SANTANDER",47.72,46.48,0.58,90
"CAPITANEJO","SANTANDER",45.55,47.72,0.58,53
"RAMIRIQUI","BOYACÁ",45.18,47.92,0.58,140
"GUADALUPE","SANTANDER",46.58,47.09,0.58,122
"GIRARDOTA","ANTIOQUIA",44.93,48.03,0.58,435
"MEDELLIN","ANTIOQUIA",44.44,48.26,0.58,18472
"BELEN","BOYACÁ",46.15,47.26,0.58,106
"ALDANA","NARIÑO",45.84,47.41,0.58,92
"FLORESTA","BOYACÁ",45.85,47.38,0.58,55
"TIBIRITA","CUNDINAMARCA",43.59,48.68,0.58,37
"INIRIDA","GUAINÍA",45.14,47.77,0.58,194
"PARAMO","SANTANDER",43.27,48.84,0.58,49
"TAMINANGO","NARIÑO",48.21,45.92,0.57,301
"OSPINA","NARIÑO",44.99,47.79,0.57,85
"ISNOS","HUILA",45.34,47.57,0.57,218
"FUNES","NARIÑO",44.22,48.23,0.57,64
"ELIAS","HUILA",44.4,48.12,0.57,42
"SAN ANTONIO DE TEQUENDAMA","CUNDINAMARCA",46.1,47.08,0.57,138
"PANQUEBA","BOYACÁ",45.12,47.65,0.57,43
"CERRITO","SANTANDER",44.51,48,0.57,63
"TUTA","BOYACÁ",45.8,47.23,0.57,137
"SARAVENA","ARAUCA",45.87,47.18,0.57,557
"EL CALVARIO","META",45.36,47.44,0.57,25
"CHACHAGUI","NARIÑO",45.62,47.28,0.57,118
"GUALMATAN","NARIÑO",45.06,47.61,0.57,69
"BOLIVAR","ANTIOQUIA",43.86,48.3,0.57,195
"OPORAPA","HUILA",46.48,46.76,0.57,91
"LA UVITA","BOYACÁ",46.07,47,0.57,46
"FUSAGASUGA","CUNDINAMARCA",44.37,47.98,0.57,1260
"NUEVO COLON","BOYACÁ",45.06,47.58,0.57,95
"NEIVA","HUILA",45.03,47.58,0.57,3155
"UBATE","CUNDINAMARCA",44.85,47.68,0.57,569
"VENTAQUEMADA","BOYACÁ",46.1,46.95,0.57,231
"SAMACA","BOYACÁ",45.83,47.09,0.57,216
"OIBA","SANTANDER",46.02,46.94,0.56,197
"BETEITIVA","BOYACÁ",46.03,46.9,0.56,30
"MEDINA","CUNDINAMARCA",45.67,47.1,0.56,58
"ANCUYA","NARIÑO",46.62,46.53,0.56,101
"SORA","BOYACÁ",44.46,47.78,0.56,50
"PALMAR","SANTANDER",44.24,47.89,0.56,37
"SANTA SOFIA","BOYACÁ",46.35,46.65,0.56,34
"CAJAMARCA","TOLIMA",44.48,47.75,0.56,149
"GUATAPE","ANTIOQUIA",44.86,47.5,0.56,114
"LA UNION","ANTIOQUIA",43.47,48.3,0.56,229
"SUCRE","SANTANDER",44.57,47.63,0.56,97
"ANZA","ANTIOQUIA",42.55,48.8,0.56,31
"CHITAGA","NORTE SANTANDER",44.67,47.55,0.56,69
"PENSILVANIA","CALDAS",43.58,48.18,0.56,236
"SILOS","NORTE SANTANDER",44.24,47.79,0.56,29
"GARZON","HUILA",44.33,47.73,0.56,609
"LOS PATIOS","NORTE SANTANDER",45.37,47.12,0.56,510
"BARBOSA","ANTIOQUIA",43.85,48.02,0.56,345
"SACHICA","BOYACÁ",45.24,47.19,0.56,37
"SIMIJACA","CUNDINAMARCA",46.83,46.2,0.56,143
"ROLDANILLO","VALLE",42.85,48.54,0.56,410
"CUCUTA","NORTE SANTANDER",45.54,46.96,0.56,5944
"BUGA","VALLE",44.22,47.73,0.56,961
"LA URIBE","META",44.9,47.32,0.55,43
"LA CUMBRE","VALLE",43.83,47.93,0.55,130
"IBAGUE","TOLIMA",44.35,47.61,0.55,5666
"MONGUI","BOYACÁ",46.09,46.59,0.55,92
"LA CAPILLA","BOYACÁ",45.05,47.19,0.55,21
"SAPUYES","NARIÑO",45.54,46.89,0.55,70
"MADRID","CUNDINAMARCA",44.82,47.31,0.55,630
"AQUITANIA","BOYACÁ",45.51,46.89,0.55,147
"SAN PEDRO","ANTIOQUIA",44.21,47.64,0.55,331
"CAQUEZA","CUNDINAMARCA",46,46.58,0.55,184
"CALDAS","ANTIOQUIA",43.77,47.89,0.55,747
"PEREIRA","RISARALDA",44.11,47.67,0.55,5116
"GUAMAL","META",43.97,47.75,0.55,153
"TAUSA","CUNDINAMARCA",44.35,47.53,0.55,82
"LA PLATA","HUILA",44.73,47.3,0.55,578
"VILLAMARIA","CALDAS",43.71,47.89,0.55,614
"NILO","CUNDINAMARCA",44.76,47.26,0.55,84
"NEIRA","CALDAS",44.83,47.21,0.55,210
"SANTA ROSA DE OSOS","ANTIOQUIA",44.18,47.59,0.55,338
"LOURDES","NORTE SANTANDER",45.33,46.91,0.55,33
"BARBOSA","SANTANDER",44.97,47.12,0.55,307
"GUEPSA","SANTANDER",45.4,46.86,0.55,50
"VILLANUEVA","CASANARE",45,47.08,0.55,404
"COGUA","CUNDINAMARCA",44.47,47.39,0.55,193
"GUAITARILLA","NARIÑO",45.84,46.58,0.55,138
"CHINCHINA","CALDAS",44.57,47.32,0.55,490
"RETIRO","ANTIOQUIA",44.67,47.24,0.55,156
"RAQUIRA","BOYACÁ",45.18,46.92,0.55,65
"BOJACÁ","CUNDINAMARCA",45.27,46.86,0.55,93
"GIGANTE","HUILA",45.61,46.65,0.55,321
"CUITIVA","BOYACÁ",45.12,46.92,0.54,25
"PISVA","BOYACÁ",48.38,45,0.54,8
"ARMENIA","QUINDÍO",44.44,47.28,0.54,3423
"VILLETA","CUNDINAMARCA",44.66,47.15,0.54,303
"CALIMA (DARIEN)","VALLE",44.29,47.36,0.54,191
"ABEJORRAL","ANTIOQUIA",44.61,47.14,0.54,178
"NEMOCON","CUNDINAMARCA",45.22,46.78,0.54,129
"MOGOTES","SANTANDER",46.09,46.26,0.54,106
"EL COCUY","BOYACÁ",44.14,47.39,0.54,74
"GUASCA","CUNDINAMARCA",44.49,47.16,0.54,221
"BOCHALEMA","NORTE SANTANDER",44.96,46.88,0.54,109
"MARIQUITA","TOLIMA",44.41,47.2,0.54,340
"CIENEGA","BOYACÁ",45.35,46.65,0.54,54
"SAMANIEGO","NARIÑO",45.41,46.6,0.54,341
"SUBACHOQUE","CUNDINAMARCA",43.79,47.55,0.54,155
"TARQUI","HUILA",43.55,47.66,0.54,202
"CHIPAQUE","CUNDINAMARCA",45.34,46.61,0.54,74
"SESQUILE","CUNDINAMARCA",44.65,47.01,0.54,156
"ALEJANDRIA","ANTIOQUIA",43.42,47.73,0.54,26
"PUERTO TRIUNFO","ANTIOQUIA",44.25,47.23,0.54,103
"CACHIRA","NORTE SANTANDER",45.76,46.35,0.54,107
"VILLAHERMOSA","TOLIMA",44.92,46.83,0.54,73
"RESTREPO","VALLE",43.48,47.66,0.54,194
"CALI","VALLE",43.89,47.4,0.54,11398
"ANDES","ANTIOQUIA",43.86,47.42,0.54,466
"SAN VICENTE","ANTIOQUIA",45,46.73,0.54,215
"SAN MIGUEL","SANTANDER",43.64,47.52,0.54,33
"CHOACHI","CUNDINAMARCA",45.08,46.67,0.53,166
"OICATA","BOYACÁ",46.08,46.08,0.53,25
"ULLOA","VALLE",44,47.29,0.53,78
"GRAMALOTE","NORTE SANTANDER",45.14,46.59,0.53,69
"ILES","NARIÑO",43.7,47.43,0.53,102
"SABANA DE TORRES","SANTANDER",44.2,47.14,0.53,294
"PALMAS DEL SOCORRO","SANTANDER",46.39,45.85,0.53,26
"SAN LUIS DE GACENO","BOYACÁ",44.93,46.7,0.53,59
"COCORNA","ANTIOQUIA",43.95,47.27,0.53,104
"CONVENCION","NORTE SANTANDER",44.58,46.88,0.53,154
"GUATEQUE","BOYACÁ",44.7,46.81,0.53,172
"SUSA","CUNDINAMARCA",44.25,47.07,0.53,81
"TOPAGA","BOYACÁ",45.27,46.47,0.53,45
"TENZA","BOYACÁ",45.16,46.53,0.53,49
"GACHETA","CUNDINAMARCA",44.57,46.87,0.53,145
"MUTISCUA","NORTE SANTANDER",46.74,45.59,0.53,34
"RISARALDA","CALDAS",42.58,48.02,0.53,103
"GUADALUPE","ANTIOQUIA",43.15,47.64,0.53,33
"COTA","CUNDINAMARCA",43.43,47.47,0.53,225
"GONZALEZ","CESAR",44.77,46.68,0.53,31
"CHIMA","SANTANDER",44.06,47.09,0.53,33
"VILLAGOMEZ","CUNDINAMARCA",43.81,47.22,0.53,27
"SOLEDAD","ATLÁNTICO",44.82,46.6,0.53,3059
"BUESACO","NARIÑO",44.49,46.78,0.53,142
"SAN JOSE DEL PALMAR","CHOCÓ",43.58,47.32,0.53,38
"GRANADA","META",44.18,46.97,0.53,792
"SABANALARGA","CASANARE",45.12,46.39,0.53,57
"JERICO","ANTIOQUIA",42.75,47.77,0.53,182
"MACHETA","CUNDINAMARCA",44.41,46.78,0.52,101
"VENADILLO","TOLIMA",44.63,46.64,0.52,101
"COLOMBIA","HUILA",47.13,45.17,0.52,47
"ANOLAIMA","CUNDINAMARCA",44.26,46.84,0.52,243
"SANTUARIO","RISARALDA",44.44,46.72,0.52,119
"GUAPOTA","SANTANDER",47.43,44.96,0.52,28
"PINCHOTE","SANTANDER",45.06,46.35,0.52,77
"SANTA BARBARA","ANTIOQUIA",43.89,47.02,0.52,254
"GACHANCIPA","CUNDINAMARCA",43.63,47.17,0.52,100
"GAMEZA","BOYACÁ",45.02,46.35,0.52,55
"HONDA","TOLIMA",44.77,46.49,0.52,283
"FLORENCIA","CAQUETÁ",44.01,46.93,0.52,1603
"EL DOVIO","VALLE",42.68,47.7,0.52,82
"SUPATA","CUNDINAMARCA",43.48,47.21,0.52,85
"CARTAGO","VALLE",43.88,46.96,0.52,1324
"ACACIAS","META",44.62,46.51,0.52,1003
"HERVEO","TOLIMA",43.2,47.34,0.52,73
"TAMESIS","ANTIOQUIA",43.09,47.4,0.52,169
"TUTASA","BOYACÁ",47.47,44.83,0.52,34
"GRANADA","ANTIOQUIA",44.35,46.66,0.52,96
"RIONEGRO","ANTIOQUIA",43.98,46.86,0.52,1743
"SOCHA","BOYACÁ",43.94,46.87,0.52,134
"PALESTINA","CALDAS",43.58,47.08,0.52,172
"SINCELEJO","SUCRE",44.4,46.59,0.52,2914
"BELLO","ANTIOQUIA",43.33,47.22,0.52,3555
"COMBITA","BOYACÁ",44.55,46.49,0.52,115
"NUNCHIA","CASANARE",45,46.2,0.52,87
"CALARCA","QUINDÍO",43.34,47.16,0.52,879
"SAN MARTIN","CESAR",43.81,46.86,0.51,174
"SAN PABLO","NARIÑO",44.5,46.45,0.51,169
"MACARAVITA","SANTANDER",45.85,45.65,0.51,40
"TAURAMENA","CASANARE",43.77,46.86,0.51,298
"OCAMONTE","SANTANDER",45.17,46.03,0.51,71
"LINARES","NARIÑO",44.26,46.55,0.51,105
"EL CARMEN","CHOCÓ",44.62,46.33,0.51,87
"SOACHA","CUNDINAMARCA",43.59,46.92,0.51,3353
"LIBANO","TOLIMA",43.48,46.99,0.51,406
"CUCUTILLA","NORTE SANTANDER",46.16,45.42,0.51,75
"FOMEQUE","CUNDINAMARCA",44.78,46.22,0.51,173
"SAN VICENTE DE CHUCURI","SANTANDER",43.51,46.96,0.51,448
"SAN FRANCISCO","CUNDINAMARCA",42.66,47.45,0.51,94
"SAN BERNARDO","CUNDINAMARCA",44.99,46.07,0.51,136
"VILLA CARO","NORTE SANTANDER",43.25,47.08,0.51,36
"PAZ DE ARIPORO","CASANARE",45.07,45.99,0.51,469
"MELGAR","TOLIMA",43.66,46.81,0.51,395
"ALGECIRAS","HUILA",44.55,46.28,0.51,216
"SAN PEDRO","SUCRE",43.82,46.7,0.51,218
"TULUA","VALLE",42.9,47.23,0.51,1979
"BRICEÑO","BOYACÁ",45.88,45.47,0.51,32
"SANTA ROSA DEL SUR","BOLÍVAR",44.18,46.46,0.51,328
"GRANADA","CUNDINAMARCA",45.05,45.95,0.51,86
"SAN JUAN DE RIO SECO","CUNDINAMARCA",43.74,46.69,0.51,121
"CUMARAL","META",43.53,46.81,0.51,256
"FUNZA","CUNDINAMARCA",43.09,47.04,0.51,584
"MONTEBELLO","ANTIOQUIA",41.84,47.77,0.51,48
"PUERTO SALGAR","CUNDINAMARCA",43.36,46.87,0.51,157
"COLON","PUTUMAYO",44.83,46,0.51,59
"CHAPARRAL","TOLIMA",44.37,46.27,0.51,365
"SUAZA","HUILA",43.43,46.81,0.5,104
"BOAVITA","BOYACÁ",45.66,45.5,0.5,127
"MERCADERES","CAUCA",45.52,45.58,0.5,131
"AGUA DE DIOS","CUNDINAMARCA",44.36,46.24,0.5,143
"PALOCABILDO","TOLIMA",44.52,46.14,0.5,65
"QUEBRADANEGRA","CUNDINAMARCA",41.87,47.69,0.5,48
"SOTAQUIRA","BOYACÁ",43.79,46.54,0.5,98
"VILLAGARZON","PUTUMAYO",44.71,45.99,0.5,329
"YOPAL","CASANARE",44.32,46.22,0.5,2273
"GAMA","CUNDINAMARCA",45.14,45.73,0.5,22
"BARRANCABERMEJA","SANTANDER",43.85,46.48,0.5,1952
"SAN MARTIN","META",44.14,46.29,0.5,278
"JENESANO","BOYACÁ",44.16,46.28,0.5,67
"EL TABLON","NARIÑO",45.18,45.67,0.5,205
"MANAURE BALCON DEL CESAR","CESAR",43.81,46.45,0.5,152
"CAICEDONIA","VALLE",43.18,46.82,0.5,343
"ANDALUCIA","VALLE",42.69,47.11,0.5,184
"MONTELIBANO","CÓRDOBA",43.05,46.89,0.5,708
"LANDAZURI","SANTANDER",43.39,46.68,0.5,130
"LOS ANDES (SOTOMAYOR)","NARIÑO",44.26,46.17,0.5,125
"EL COLEGIO","CUNDINAMARCA",43.9,46.38,0.5,346
"CHOCONTA","CUNDINAMARCA",45.2,45.61,0.5,270
"MOCOA","PUTUMAYO",44.01,46.3,0.5,848
"CHIPATA","SANTANDER",43.2,46.78,0.5,45
"QUETAME","CUNDINAMARCA",43.72,46.47,0.5,93
"SUAITA","SANTANDER",44.83,45.82,0.5,149
"LA PAZ","SANTANDER",44.85,45.79,0.5,49
"SUSACON","BOYACÁ",45.02,45.67,0.5,36
"MONIQUIRA","BOYACÁ",44.27,46.1,0.5,205
"QUINCHIA","RISARALDA",42.55,47.11,0.5,333
"VILLAPINZON","CUNDINAMARCA",44.75,45.81,0.5,272
"YACUANQUER","NARIÑO",44.39,46.01,0.5,151
"ALPUJARRA","TOLIMA",43.8,46.33,0.5,60
"TESALIA","HUILA",44.64,45.83,0.5,110
"MOLAGAVITA","SANTANDER",44.55,45.87,0.49,40
"PUERTO RICO","META",43.66,46.39,0.49,90
"CALAMAR","GUAVIARE",43.87,46.26,0.49,54
"SIMACOTA","SANTANDER",44.69,45.77,0.49,89
"MIRANDA","CAUCA",44.27,46.01,0.49,312
"TABIO","CUNDINAMARCA",42.5,47.04,0.49,265
"TENJO","CUNDINAMARCA",43.07,46.68,0.49,220
"MONTERIA","CÓRDOBA",43.34,46.52,0.49,3711
"TITIRIBI","ANTIOQUIA",43.4,46.48,0.49,70
"NARIÑO","ANTIOQUIA",41.87,47.37,0.49,44
"RIOSUCIO","CALDAS",43.33,46.5,0.49,738
"LABATECA","NORTE SANTANDER",44.39,45.86,0.49,72
"IQUIRA","HUILA",43.94,46.12,0.49,116
"TIMBIO","CAUCA",42.92,46.71,0.49,315
"FILANDIA","QUINDÍO",43.69,46.25,0.49,191
"SOMONDOCO","BOYACÁ",41.37,47.61,0.49,49
"PACHO","CUNDINAMARCA",43.38,46.43,0.49,420
"MONGUA","BOYACÁ",43.95,46.09,0.49,54
"TIBACUY","CUNDINAMARCA",43.47,46.37,0.49,43
"RIVERA","HUILA",44,46.06,0.49,202
"CHIVATA","BOYACÁ",43.05,46.61,0.49,41
"UBAQUE","CUNDINAMARCA",43.47,46.36,0.49,66
"CORDOBA","NARIÑO",44.29,45.86,0.49,202
"LA BELLEZA","SANTANDER",42.83,46.7,0.49,53
"GUAYABETAL","CUNDINAMARCA",43.48,46.31,0.49,62
"SEVILLA","VALLE",43.01,46.59,0.49,450
"ANAPOIMA","CUNDINAMARCA",43.53,46.27,0.49,167
"CHINAVITA","BOYACÁ",44.14,45.91,0.49,42
"CUMBAL","NARIÑO",43.9,46.05,0.49,375
"CALIFORNIA","SANTANDER",42.13,47.07,0.49,15
"SALAMINA","CALDAS",43.8,46.08,0.49,191
"BETULIA","ANTIOQUIA",43.48,46.26,0.49,174
"ICONONZO","TOLIMA",43.65,46.16,0.49,144
"CANDELARIA","VALLE",43.09,46.49,0.49,635
"VERGARA","CUNDINAMARCA",43.61,46.19,0.49,59
"PALMAR DE VARELA","ATLÁNTICO",43.7,46.13,0.49,356
"SALENTO","QUINDÍO",42.7,46.71,0.49,80
"PUERTO ASIS","PUTUMAYO",43.85,46.03,0.49,537
"RONDON","BOYACÁ",44.54,45.62,0.49,37
"SAN JOSE","CALDAS",42.99,46.52,0.49,80
"SIBATE","CUNDINAMARCA",43.65,46.13,0.48,339
"CONCORDIA","ANTIOQUIA",43.77,46.05,0.48,120
"BOYACA","BOYACÁ",43.23,46.36,0.48,52
"CASABIANCA","TOLIMA",42.82,46.59,0.48,60
"BARRANQUILLA","ATLÁNTICO",43.91,45.94,0.48,12074
"QUIMBAYA","QUINDÍO",42.78,46.6,0.48,429
"LA ESPERANZA","NORTE SANTANDER",42.69,46.63,0.48,57
"BELMIRA","ANTIOQUIA",42.01,47.02,0.48,78
"CHAMEZA","CASANARE",43.25,46.29,0.48,28
"CAREPA","ANTIOQUIA",42.97,46.45,0.48,336
"MORROA","SUCRE",44.54,45.53,0.48,112
"ABREGO","NORTE SANTANDER",43.58,46.08,0.48,208
"MONTENEGRO","QUINDÍO",43.3,46.2,0.48,484
"ARAUCA","ARAUCA",43.5,46.08,0.48,837
"AGRADO","HUILA",44.01,45.78,0.48,72
"MURILLO","TOLIMA",43.72,45.93,0.48,40
"LA FLORIDA","NARIÑO",44.04,45.74,0.48,129
"VIANI","CUNDINAMARCA",42.94,46.37,0.48,37
"AMALFI","ANTIOQUIA",43.29,46.16,0.48,265
"CACHIPAY","CUNDINAMARCA",43.7,45.92,0.48,87
"VILLA DEL ROSARIO","NORTE SANTANDER",43.76,45.88,0.48,795
"LA LLANADA","NARIÑO",44.88,45.21,0.48,62
"DAGUA","VALLE",42.76,46.45,0.48,346
"MOTAVITA","BOYACÁ",42.8,46.41,0.48,79
"LENGUAZAQUE","CUNDINAMARCA",44.44,45.43,0.48,93
"TENA","CUNDINAMARCA",42.05,46.83,0.48,85
"AMAGA","ANTIOQUIA",43.11,46.18,0.48,276
"PUERTO NARE (LA MAGDALENA)","ANTIOQUIA",43.25,46.1,0.48,157
"AGUADAS","CALDAS",42.23,46.7,0.48,279
"SAN ANDRES","SANTANDER",44.42,45.4,0.47,146
"SASAIMA","CUNDINAMARCA",43.42,45.98,0.47,177
"PUEBLORRICO","ANTIOQUIA",43.24,46.07,0.47,71
"AGUACHICA","CESAR",43.54,45.9,0.47,737
"CURITI","SANTANDER",43.56,45.87,0.47,176
"SAN AGUSTIN","HUILA",43.41,45.95,0.47,413
"ARAUQUITA","ARAUCA",44,45.6,0.47,372
"TOLU","SUCRE",42.9,46.23,0.47,256
"ALBAN (SAN JOSE)","NARIÑO",43.83,45.68,0.47,161
"EL PLAYON","SANTANDER",43.22,46.03,0.47,155
"SINCE","SUCRE",43.82,45.67,0.47,291
"TIMANA","HUILA",42.99,46.15,0.47,174
"TURBACO","BOLÍVAR",44.33,45.34,0.47,655
"VILLARRICA","TOLIMA",42.26,46.54,0.47,68
"SALADOBLANCO","HUILA",43.4,45.87,0.47,131
"VALPARAISO","CAQUETÁ",41.76,46.81,0.47,58
"YARUMAL","ANTIOQUIA",43.08,46.02,0.47,543
"SACAMA","CASANARE",42.2,46.53,0.47,15
"EL CARMEN","SANTANDER",43.05,46.03,0.47,125
"VIRACACHA","BOYACÁ",41.89,46.7,0.47,27
"ARGELIA","CAUCA",42.7,46.2,0.47,108
"ALBANIA","SANTANDER",41.94,46.62,0.47,50
"TOGUI","BOYACÁ",42.24,46.44,0.47,45
"PAJARITO","BOYACÁ",44.88,44.88,0.47,24
"SOCOTA","BOYACÁ",44.07,45.34,0.47,59
"VALPARAISO","ANTIOQUIA",42.55,46.23,0.47,65
"SANTIAGO","PUTUMAYO",42.86,46.05,0.47,59
"TIBU","NORTE SANTANDER",43.97,45.39,0.46,260
"CONTADERO","NARIÑO",41.08,47.08,0.46,37
"SUTATAUSA","CUNDINAMARCA",43.5,45.65,0.46,92
"YUMBO","VALLE",42.7,46.12,0.46,992
"JUNIN","CUNDINAMARCA",43.64,45.57,0.46,102
"CORRALES","BOYACÁ",44.77,44.9,0.46,30
"SABOYA","BOYACÁ",43.45,45.67,0.46,195
"FLORIAN","SANTANDER",41.85,46.61,0.46,68
"COVARACHIA","BOYACÁ",43.88,45.38,0.46,52
"SIACHOQUE","BOYACÁ",43.7,45.49,0.46,146
"SAN BERNARDO DEL VIENTO","CÓRDOBA",43.6,45.55,0.46,254
"ALCALA","VALLE",41.87,46.56,0.46,136
"ZETAQUIRA","BOYACÁ",42,46.47,0.46,73
"PIVIJAY","MAGDALENA",44.96,44.72,0.46,412
"CARAMANTA","ANTIOQUIA",42.64,46.09,0.46,55
"PUEBLO BELLO","CESAR",42.94,45.91,0.46,107
"SUTATENZA","BOYACÁ",44.05,45.25,0.46,40
"SONSON","ANTIOQUIA",42.38,46.2,0.46,340
"HELICONIA","ANTIOQUIA",43.52,45.52,0.46,42
"ABRIAQUI","ANTIOQUIA",40.71,47.17,0.46,24
"LA VIRGINIA","RISARALDA",43.08,45.77,0.46,397
"TAME","ARAUCA",43.07,45.77,0.46,572
"LA MERCED","CALDAS",42.83,45.91,0.46,102
"SABANAGRANDE","ATLÁNTICO",42.9,45.86,0.46,344
"MONTERREY","CASANARE",42.23,46.26,0.46,332
"NARIÑO","CUNDINAMARCA",40.88,47.04,0.46,26
"EL ESPINO","BOYACÁ",44.67,44.81,0.46,43
"TOCA","BOYACÁ",42.69,45.97,0.46,151
"PUERTO LIBERTADOR","CÓRDOBA",42.5,46.08,0.46,189
"CAMPOALEGRE","HUILA",43.12,45.72,0.46,242
"DOLORES","TOLIMA",43.54,45.46,0.46,98
"EL CERRITO","VALLE",42.3,46.16,0.46,549
"PEQUE","ANTIOQUIA",43.46,45.46,0.46,85
"CUCAITA","BOYACÁ",42.25,46.16,0.46,60
"SAN MATEO","BOYACÁ",45.02,44.52,0.46,50
"VALLE DE SAN JOSE","SANTANDER",44.35,44.9,0.46,80
"EL CASTILLO","META",42.3,46.1,0.46,60
"LA VEGA","CUNDINAMARCA",42.63,45.9,0.46,226
"FRESNO","TOLIMA",42.4,46.03,0.45,272
"FOSCA","CUNDINAMARCA",42.95,45.7,0.45,64
"CAPARRAPI","CUNDINAMARCA",42.2,46.13,0.45,102
"MARSELLA","RISARALDA",42.94,45.7,0.45,174
"LEJANIAS","META",43.36,45.45,0.45,111
"LA DORADA","CALDAS",42.61,45.89,0.45,668
"ANSERMA","CALDAS",42.27,46.09,0.45,433
"ROVIRA","TOLIMA",42.84,45.74,0.45,272
"JESUS MARIA","SANTANDER",45.12,44.4,0.45,50
"MARQUETALIA","CALDAS",42.61,45.87,0.45,216
"ARANZAZU","CALDAS",41.88,46.29,0.45,171
"SAHAGUN","CÓRDOBA",42.89,45.68,0.45,1192
"CORDOBA","QUINDÍO",42.77,45.74,0.45,74
"GUACHETA","CUNDINAMARCA",42.13,46.1,0.45,149
"PRADERA","VALLE",42.66,45.76,0.45,518
"CONFINES","SANTANDER",42.53,45.83,0.45,40
"CONCEPCION","ANTIOQUIA",41.78,46.26,0.45,23
"VALLEDUPAR","CESAR",42.89,45.61,0.45,3922
"CARMEN DE CARUPA","CUNDINAMARCA",43,45.54,0.45,93
"SAN MIGUEL DE SEMA","BOYACÁ",44.25,44.79,0.45,67
"BUENAVISTA","SUCRE",43.86,45.03,0.45,130
"SAN LUIS","TOLIMA",43.43,45.26,0.45,152
"LOS SANTOS","SANTANDER",42.31,45.91,0.45,130
"EL DORADO","META",43.2,45.39,0.45,56
"TAMARA","CASANARE",43.71,45.09,0.45,58
"RIONEGRO","SANTANDER",43.57,45.17,0.45,247
"FREDONIA","ANTIOQUIA",41.76,46.23,0.45,282
"DABEIBA","ANTIOQUIA",42.4,45.85,0.45,115
"PALESTINA","HUILA",42.65,45.71,0.45,94
"IMUES","NARIÑO",44.26,44.75,0.45,97
"CAÑASGORDAS","ANTIOQUIA",42.8,45.6,0.45,218
"BUGALAGRANDE","VALLE",43.11,45.42,0.45,259
"SANTA HELENA DEL OPON","SANTANDER",44.71,44.47,0.45,21
"NORCASIA","CALDAS",42.79,45.6,0.45,48
"TOLEDO","NORTE SANTANDER",43.28,45.3,0.45,234
"UMBITA","BOYACÁ",42.59,45.69,0.45,121
"ZAPATOCA","SANTANDER",42.59,45.68,0.45,131
"GUADUAS","CUNDINAMARCA",42.51,45.72,0.45,252
"LA UNION","VALLE",42.28,45.85,0.45,433
"FUENTE DE ORO","META",42.88,45.5,0.45,146
"AIPE","HUILA",44.14,44.75,0.45,149
"EL ROSAL","CUNDINAMARCA",43.24,45.28,0.45,201
"QUIPAMA","BOYACÁ",42.3,45.82,0.44,50
"SALAZAR","NORTE SANTANDER",43.19,45.3,0.44,101
"URRAO","ANTIOQUIA",42.84,45.49,0.44,317
"ATACO","TOLIMA",42.18,45.88,0.44,140
"TONA","SANTANDER",42.14,45.9,0.44,50
"CUBARRAL","META",42.23,45.81,0.44,73
"LA PAZ (ROBLES)","CESAR",42.54,45.61,0.44,175
"BETANIA","ANTIOQUIA",42.54,45.6,0.44,91
"CARACOLI","ANTIOQUIA",42.27,45.75,0.44,44
"LA VICTORIA","BOYACÁ",39.8,47.2,0.44,15
"SANTANDER DE QUILICHAO","CAUCA",42.81,45.42,0.44,1015
"LA TEBAIDA","QUINDÍO",42.63,45.52,0.44,485
"CAUCASIA","ANTIOQUIA",42.42,45.64,0.44,1050
"CHIVOR","BOYACÁ",41.27,46.31,0.44,26
"SAN LORENZO","NARIÑO",43.28,45.13,0.44,170
"SAN ANDRES","ANTIOQUIA",43.43,45.04,0.44,49
"SANTACRUZ (GUACHAVES)","NARIÑO",43.62,44.92,0.44,78
"TANGUA","NARIÑO",43.2,45.17,0.44,103
"CARMEN DE APICALA","TOLIMA",42.76,45.4,0.44,114
"CHARTA","SANTANDER",42.28,45.68,0.44,25
"ALVARADO","TOLIMA",42.26,45.69,0.44,84
"JAMUNDI","VALLE",41.72,45.99,0.44,914
"TIPACOQUE","BOYACÁ",43,45.24,0.44,37
"COROZAL","SUCRE",42.96,45.26,0.44,770
"CHISCAS","BOYACÁ",42.35,45.62,0.44,66
"SAN JUAN DEL CESAR","LA GUAJIRA",42.43,45.56,0.44,415
"ARBOLEDA (BERRUECOS)","NARIÑO",43.24,45.08,0.44,85
"FRONTINO","ANTIOQUIA",42.04,45.78,0.44,225
"RIO DE ORO","CESAR",43.71,44.78,0.44,115
"MARIPI","BOYACÁ",42.75,45.35,0.44,84
"BURITICA","ANTIOQUIA",42.6,45.43,0.44,63
"MATANZA","SANTANDER",41.59,46.02,0.44,62
"QUIPILE","CUNDINAMARCA",43.09,45.13,0.44,97
"RIOBLANCO","TOLIMA",42.31,45.59,0.44,149
"SAN LUIS","ANTIOQUIA",42.51,45.47,0.44,152
"GACHANTIVA","BOYACÁ",42.15,45.67,0.44,48
"CURILLO","CAQUETÁ",42.67,45.36,0.44,72
"SAN ANTONIO","TOLIMA",42.74,45.3,0.44,160
"SATIVANORTE","BOYACÁ",43.05,45.12,0.44,42
"PIEDRAS","TOLIMA",44.11,44.49,0.44,55
"FLORIDA","VALLE",42.34,45.51,0.43,607
"GIRARDOT","CUNDINAMARCA",42.48,45.42,0.43,774
"SAN FRANCISCO","PUTUMAYO",43.91,44.57,0.43,99
"MALLAMA (PIEDRANCHA)","NARIÑO",41.28,46.11,0.43,77
"ZIPACON","CUNDINAMARCA",41.88,45.75,0.43,71
"PIENDAMO","CAUCA",41.85,45.77,0.43,409
"BELEN DE UMBRIA","RISARALDA",42.09,45.62,0.43,329
"EBEJICO","ANTIOQUIA",42.88,45.15,0.43,144
"ARMERO (GUAYABAL)","TOLIMA",42.45,45.39,0.43,129
"CUCUNUBA","CUNDINAMARCA",42.13,45.57,0.43,109
"VALDIVIA","ANTIOQUIA",41.96,45.65,0.43,81
"TORO","VALLE",42.43,45.37,0.43,142
"APARTADO","ANTIOQUIA",42.3,45.45,0.43,1196
"SAN ANDRES","SAN ANDRÉS",43.08,44.99,0.43,572
"LA VEGA","CAUCA",41.84,45.69,0.43,172
"EL CARMEN","NORTE SANTANDER",41.09,46.08,0.43,69
"PITAL","HUILA",41.8,45.66,0.43,112
"FALAN","TOLIMA",43.06,44.92,0.43,98
"GALERAS (NUEVA GRANADA)","SUCRE",42.96,44.96,0.43,350
"BOLIVAR","VALLE",42.37,45.3,0.43,167
"SAN JOSE DEL GUAVIARE","GUAVIARE",42.69,45.08,0.43,732
"TOTA","BOYACÁ",42.14,45.39,0.43,69
"PUERTO LOPEZ","META",42.71,45.05,0.43,338
"EL DONCELLO","CAQUETÁ",42.73,45.04,0.43,287
"PACORA","CALDAS",41.19,45.95,0.43,166
"SAN JUAN DE ARAMA","META",41.83,45.56,0.43,104
"COPER","BOYACÁ",43.28,44.69,0.43,39
"AGUAZUL","CASANARE",42.68,45.05,0.43,713
"RICAURTE","CUNDINAMARCA",43.5,44.56,0.42,97
"EL COPEY","CESAR",42.11,45.36,0.42,250
"SALGAR","ANTIOQUIA",42.89,44.89,0.42,103
"CARTAGENA DEL CHAIRA","CAQUETÁ",42.45,45.13,0.42,220
"PORE","CASANARE",42.62,45.02,0.42,82
"VISTA HERMOSA","META",41.39,45.73,0.42,126
"ZARZAL","VALLE",41.76,45.52,0.42,471
"LA UNION","SUCRE",41.67,45.56,0.42,156
"EL PEÑON","SANTANDER",42.73,44.93,0.42,45
"YAGUARA","HUILA",43.66,44.36,0.42,104
"CASTILLA LA NUEVA","META",42.77,44.88,0.42,191
"SANTIAGO","NORTE SANTANDER",44.62,43.79,0.42,29
"MANTA","CUNDINAMARCA",41.43,45.66,0.42,78
"GUAYABAL DE SIQUIMA","CUNDINAMARCA",41.44,45.65,0.42,82
"EL CAIRO","VALLE",41.21,45.75,0.42,72
"MIRAFLORES","GUAVIARE",40.36,46.25,0.42,28
"ACEVEDO","HUILA",41.85,45.37,0.42,151
"EL AGUILA","VALLE",41.56,45.54,0.42,110
"SOPETRAN","ANTIOQUIA",42.41,45,0.42,193
"JERUSALEN","CUNDINAMARCA",43.1,44.59,0.42,29
"ANZOATEGUI","TOLIMA",42.02,45.21,0.42,78
"ENCINO","SANTANDER",45.47,43.19,0.42,32
"GIRALDO","ANTIOQUIA",41.2,45.69,0.42,62
"LA PLAYA","NORTE SANTANDER",40.96,45.82,0.42,57
"LABRANZAGRANDE","BOYACÁ",42.5,44.92,0.42,24
"GALAPA","ATLÁNTICO",42.97,44.64,0.42,391
"COROMORO","SANTANDER",42.93,44.65,0.42,66
"CABRERA","SANTANDER",43.59,44.26,0.42,42
"TIERRALTA","CÓRDOBA",41.64,45.4,0.42,803
"HATO","SANTANDER",41,45.77,0.42,26
"GUATAVITA","CUNDINAMARCA",42.9,44.65,0.42,57
"SAN JOSE DE PARE","BOYACÁ",44.19,43.89,0.42,36
"ORITO","PUTUMAYO",42.53,44.86,0.42,471
"YOTOCO","VALLE",41.49,45.45,0.41,132
"TEORAMA","NORTE SANTANDER",42.3,44.97,0.41,83
"INZA","CAUCA",41.62,45.36,0.41,267
"VILLA GUAMEZ (LA HORMIGA)","PUTUMAYO",42.2,45,0.41,485
"PLANETA RICA","CÓRDOBA",41.57,45.37,0.41,825
"FORTUL","ARAUCA",42.49,44.83,0.41,225
"LA MACARENA","META",42.02,45.1,0.41,99
"MANZANARES","CALDAS",42.55,44.79,0.41,232
"OBANDO","VALLE",41.72,45.25,0.41,116
"PUERTO LLERAS","META",41.82,45.17,0.41,88
"TRINIDAD","CASANARE",42.6,44.71,0.41,145
"EL PEÑOL","NARIÑO",43.39,44.24,0.41,111
"ITUANGO","ANTIOQUIA",42.78,44.59,0.41,197
"BUCARASICA","NORTE SANTANDER",41.21,45.51,0.41,43
"PUERTO COLOMBIA","ATLÁNTICO",42.44,44.79,0.41,367
"SANTO TOMAS","ATLÁNTICO",42.75,44.6,0.41,190
"SAN RAFAEL","ANTIOQUIA",41.29,45.44,0.41,175
"ARMENIA","ANTIOQUIA",43.07,44.4,0.41,58
"RECETOR","CASANARE",41.72,45.16,0.41,25
"CERETE","CÓRDOBA",42.08,44.95,0.41,1058
"LIBORINA","ANTIOQUIA",40.93,45.6,0.41,116
"LA CELIA","RISARALDA",42.95,44.41,0.41,82
"HOBO","HUILA",42.28,44.8,0.41,54
"VITERBO","CALDAS",42.2,44.84,0.41,222
"ESPINAL","TOLIMA",42.11,44.89,0.41,806
"NATAGA","HUILA",41.57,45.19,0.41,98
"BARANOA","ATLÁNTICO",42.26,44.78,0.41,661
"YOLOMBO","ANTIOQUIA",42.96,44.37,0.41,245
"MACANAL","BOYACÁ",43.13,44.26,0.41,54
"SAN CARLOS","ANTIOQUIA",41.6,45.15,0.41,161
"PANDI","CUNDINAMARCA",41.39,45.26,0.41,31
"TOCAIMA","CUNDINAMARCA",43.34,44.1,0.4,148
"LA SIERRA","CAUCA",41.26,45.32,0.4,115
"GUTIERREZ","CUNDINAMARCA",42.68,44.49,0.4,43
"GUADALUPE","HUILA",42.49,44.6,0.4,161
"ROSAS","CAUCA",41.45,45.2,0.4,128
"ALBAN","CUNDINAMARCA",42.08,44.83,0.4,89
"RIOFRIO","VALLE",40.75,45.61,0.4,156
"VIJES","VALLE",41.69,45.06,0.4,108
"CURUMANI","CESAR",41.76,45,0.4,314
"SIMITI","BOLÍVAR",42.92,44.32,0.4,134
"PUERTO SANTANDER","NORTE SANTANDER",43.19,44.15,0.4,54
"SAN BENITO","SANTANDER",41.85,44.93,0.4,41
"EL ZULIA","NORTE SANTANDER",42.52,44.53,0.4,217
"SAN PEDRO","VALLE",41.04,45.4,0.4,170
"MACEO","ANTIOQUIA",41.06,45.39,0.4,103
"PAUNA","BOYACÁ",42.01,44.81,0.4,107
"YACOPI","CUNDINAMARCA",42.38,44.57,0.4,93
"BOLIVAR","CAUCA",41.61,45.02,0.4,348
"PUERTO BOYACA","BOYACÁ",42.01,44.78,0.4,589
"CUBARA","BOYACÁ",42.16,44.69,0.4,79
"LA PALMA","CUNDINAMARCA",41.74,44.93,0.4,149
"MANI","CASANARE",41.91,44.83,0.4,133
"RICAURTE","NARIÑO",42.81,44.28,0.4,116
"SUCRE","CAUCA",41.12,45.26,0.4,42
"LA APARTADA (LA FRONTERA)","CÓRDOBA",40.74,45.48,0.4,133
"SUPIA","CALDAS",41.57,44.99,0.4,463
"ARBOLETES","ANTIOQUIA",41.52,45.01,0.4,342
"MORALES","CAUCA",41.64,44.92,0.4,244
"SUESCA","CUNDINAMARCA",42.45,44.43,0.4,224
"GUATICA","RISARALDA",41.6,44.92,0.4,182
"PUERTO PARRA","SANTANDER",42.82,44.17,0.4,61
"BELALCAZAR","CALDAS",42.08,44.59,0.4,110
"SANTA BARBARA","SANTANDER",42.17,44.54,0.4,24
"MORELIA","CAQUETÁ",41.7,44.81,0.4,36
"GUACA","SANTANDER",43.45,43.76,0.39,29
"UBALA","CUNDINAMARCA",42.16,44.51,0.39,100
"VERSALLES","VALLE",41.84,44.69,0.39,74
"CIENAGA DE ORO","CÓRDOBA",41.48,44.89,0.39,612
"BUENAVISTA","QUINDÍO",41.46,44.89,0.39,56
"GAMBITA","SANTANDER",44.54,43.08,0.39,24
"PRADO","TOLIMA",42,44.57,0.39,122
"RAGONVALIA","NORTE SANTANDER",42.56,44.22,0.39,45
"BALBOA","CAUCA",41.16,45.04,0.39,159
"EL PAUJIL","CAQUETÁ",41.67,44.74,0.39,140
"SANTO DOMINGO","ANTIOQUIA",41.75,44.66,0.39,197
"BARRANCA DE UPIA","META",42.7,44.1,0.39,70
"PUERTO  LEGUIZAMO","PUTUMAYO",41.86,44.59,0.39,214
"SAN CARLOS DE GUAROA","META",42.46,44.24,0.39,101
"SAN JUANITO","META",42.67,44.11,0.39,18
"ARATOCA","SANTANDER",42.09,44.43,0.39,167
"CHITA","BOYACÁ",41.27,44.9,0.39,119
"PUEBLO NUEVO","CÓRDOBA",41.2,44.92,0.39,274
"CARTAGENA","BOLÍVAR",42.11,44.38,0.39,8949
"BELEN DE BAJIRA","CHOCÓ",43.14,43.77,0.39,22
"TRUJILLO","VALLE",40.69,45.2,0.39,191
"BOSCONIA","CESAR",41.9,44.49,0.39,446
"VENECIA","ANTIOQUIA",41.23,44.88,0.39,123
"URUMITA","LA GUAJIRA",41.89,44.49,0.39,96
"SANTA MARTA","MAGDALENA",41.73,44.58,0.39,4537
"AGUSTIN CODAZZI","CESAR",42.77,43.94,0.39,582
"ARGELIA","ANTIOQUIA",41.33,44.77,0.39,106
"PARATEBUENO","CUNDINAMARCA",42.64,44,0.39,75
"PAIME","CUNDINAMARCA",42.87,43.87,0.39,52
"OTANCHE","BOYACÁ",41.56,44.61,0.39,93
"SAN JOAQUIN","SANTANDER",42.43,44.09,0.39,42
"GUICAN","BOYACÁ",41.83,44.42,0.38,53
"CHALAN","SUCRE",41.57,44.57,0.38,21
"CAICEDO","ANTIOQUIA",40.14,45.41,0.38,84
"CHITARAQUE","BOYACÁ",42.48,44.03,0.38,40
"MESETAS","META",42.36,44.1,0.38,78
"SABANALARGA","ANTIOQUIA",42.14,44.23,0.38,67
"CARURU","VAUPÉS",40.48,45.2,0.38,25
"LETICIA","AMAZONAS",41.38,44.67,0.38,579
"COELLO","TOLIMA",41.99,44.29,0.38,95
"SAN PABLO DE BORBUR","BOYACÁ",41.38,44.65,0.38,37
"PUERTO GAITAN","META",42.38,44.06,0.38,223
"LA VICTORIA","VALLE",41.34,44.67,0.38,179
"CISNEROS","ANTIOQUIA",41.48,44.58,0.38,138
"HACARI","NORTE SANTANDER",42.25,44.13,0.38,24
"GUAVATA","SANTANDER",42.17,44.18,0.38,46
"RIOHACHA","LA GUAJIRA",41.84,44.35,0.38,1640
"SILVANIA","CUNDINAMARCA",41.29,44.67,0.38,267
"GENOVA","QUINDÍO",40.69,45.02,0.38,103
"DURANIA","NORTE SANTANDER",43.82,43.18,0.38,50
"BALBOA","RISARALDA",40.93,44.87,0.38,85
"ARBOLEDAS","NORTE SANTANDER",42.49,43.95,0.38,119
"SAMPUES","SUCRE",42.05,44.21,0.38,517
"SANTA MARIA","HUILA",40.52,45.08,0.38,111
"PUERTO RONDON","ARAUCA",42.74,43.77,0.38,43
"SAN VICENTE DEL CAGUAN","CAQUETÁ",41.29,44.59,0.38,361
"ANSERMANUEVO","VALLE",40.41,45.11,0.38,206
"MAGANGUE","BOLÍVAR",41.41,44.51,0.38,1165
"BECERRIL","CESAR",43.05,43.53,0.38,231
"SUAREZ","TOLIMA",41.83,44.25,0.38,41
"CACERES","ANTIOQUIA",41.34,44.52,0.38,188
"PLANADAS","TOLIMA",41.38,44.49,0.38,189
"OROCUE","CASANARE",41.79,44.25,0.38,104
"TURBANA","BOLÍVAR",41.76,44.26,0.38,153
"VIOTA","CUNDINAMARCA",41.82,44.22,0.38,219
"CHIQUIZA","BOYACÁ",43.03,43.5,0.38,66
"PURACE (COCONUCO)","CAUCA",40.73,44.85,0.38,103
"PAYA","BOYACÁ",44.41,42.68,0.38,22
"MUZO","BOYACÁ",42.84,43.59,0.38,107
"TARAIRA","VAUPÉS",40.33,45.06,0.38,18
"NECHI","ANTIOQUIA",42.17,43.98,0.38,133
"NIMAIMA","CUNDINAMARCA",40.78,44.79,0.38,37
"BARAYA","HUILA",40.55,44.9,0.37,69
"LA PEÑA","CUNDINAMARCA",42.21,43.91,0.37,75
"BRICEÑO","ANTIOQUIA",41.75,44.15,0.37,60
"PUERTO CARREÑO","VICHADA",41.45,44.33,0.37,225
"POLICARPA","NARIÑO",42.03,43.98,0.37,98
"LA MONTAÑITA","CAQUETÁ",41.01,44.54,0.37,101
"BETULIA","SANTANDER",42.94,43.39,0.37,47
"SAN JACINTO","BOLÍVAR",42.33,43.74,0.37,364
"APIA","RISARALDA",41.33,44.32,0.37,333
"CUASPUD (CARLOSAMA)","NARIÑO",41.48,44.23,0.37,60
"ANGELOPOLIS","ANTIOQUIA",41.57,44.18,0.37,56
"CORINTO","CAUCA",41.12,44.38,0.37,329
"CAJIBIO","CAUCA",41.42,44.2,0.37,196
"TUNUNGUA","BOYACÁ",42.11,43.79,0.37,19
"PULI","CUNDINAMARCA",39.76,45.16,0.37,25
"CHIGORODO","ANTIOQUIA",41.07,44.39,0.37,817
"GUACARI","VALLE",41.1,44.37,0.37,396
"VILLAVIEJA","HUILA",42.8,43.37,0.37,76
"PUERTO RICO","CAQUETÁ",41.03,44.39,0.37,218
"EL ROBLE","SUCRE",40.76,44.54,0.37,63
"EL ROSARIO","NARIÑO",40.17,44.88,0.37,42
"MALAMBO","ATLÁNTICO",41.48,44.1,0.37,678
"FONSECA","LA GUAJIRA",41.98,43.8,0.36,470
"SAN SEBASTIAN DE BUENAVISTA","MAGDALENA",40.48,44.67,0.36,246
"CIMITARRA","SANTANDER",41.26,44.2,0.36,406
"SAMANA","CALDAS",40.86,44.43,0.36,246
"EL TAMBO","CAUCA",41.02,44.28,0.36,328
"SAN ROQUE","ANTIOQUIA",40.22,44.75,0.36,253
"VALLE DE SAN JUAN","TOLIMA",41.7,43.88,0.36,79
"TARAZA","ANTIOQUIA",40.72,44.44,0.36,341
"SAN MARCOS","SUCRE",41.44,44.02,0.36,713
"CUNDAY","TOLIMA",41.03,44.25,0.36,118
"CACOTA","NORTE SANTANDER",42.78,43.22,0.36,31
"LERIDA","TOLIMA",41.11,44.16,0.36,231
"SAN PEDRO DE URABA","ANTIOQUIA",41.39,43.98,0.36,347
"MUTATA","ANTIOQUIA",41.35,44,0.36,157
"VALENCIA","CÓRDOBA",41.25,44.04,0.36,432
"CORDOBA","BOLÍVAR",42.19,43.47,0.36,164
"YALI","ANTIOQUIA",39.94,44.79,0.36,85
"SAN PEDRO DE CARTAGO","NARIÑO",40.42,44.5,0.36,54
"CHIRIGUANA","CESAR",42.04,43.55,0.36,228
"SAN DIEGO","CESAR",40.88,44.17,0.35,200
"CHAGUANI","CUNDINAMARCA",41.94,43.53,0.35,32
"ORTEGA","TOLIMA",40.99,44.07,0.35,369
"ONZAGA","SANTANDER",41.15,43.97,0.35,83
"ASTREA","CESAR",40.52,44.3,0.35,211
"ALBANIA","CAQUETÁ",41.65,43.62,0.35,48
"SAN JERONIMO","ANTIOQUIA",40.55,44.26,0.35,215
"SAN CAYETANO","NORTE SANTANDER",40.84,44.08,0.35,50
"MARMATO","CALDAS",40.76,44.13,0.35,86
"MAICAO","LA GUAJIRA",41.41,43.73,0.35,1826
"VENECIA (OSPINA PEREZ)","CUNDINAMARCA",42.13,43.28,0.35,64
"ANGOSTURA","ANTIOQUIA",41.3,43.75,0.35,113
"OLAYA","ANTIOQUIA",39.59,44.75,0.35,44
"SITIONUEVO","MAGDALENA",41.01,43.92,0.35,113
"SAN JUAN NEPOMUCENO","BOLÍVAR",41.27,43.75,0.35,500
"YONDO (CASABE)","ANTIOQUIA",41.16,43.81,0.35,117
"PUERTO BERRIO","ANTIOQUIA",40.74,44.05,0.35,505
"TOLUVIEJO","SUCRE",41.33,43.68,0.35,275
"PIAMONTE","CAUCA",40.84,43.97,0.35,32
"SOTARA (PAISPAMBA)","CAUCA",40.1,44.4,0.35,83
"SAN PABLO","BOLÍVAR",41.17,43.76,0.35,298
"LA PRIMAVERA","VICHADA",41.07,43.82,0.35,84
"LA JAGUA DE IBIRICO","CESAR",41.24,43.7,0.35,342
"SANTAFÉ DE ANTIOQUIA","ANTIOQUIA",40.43,44.12,0.34,392
"LA PINTADA","ANTIOQUIA",40.58,44.03,0.34,104
"PURIFICACION","TOLIMA",41.05,43.75,0.34,316
"BELEN DE LOS ANDAQUIES","CAQUETÁ",41.18,43.66,0.34,126
"MISTRATO","RISARALDA",41.35,43.54,0.34,110
"LA GLORIA","CESAR",40.59,43.98,0.34,108
"PESCA","BOYACÁ",41.79,43.27,0.34,77
"TELLO","HUILA",41.94,43.18,0.34,163
"CAMPAMENTO","ANTIOQUIA",41.78,43.25,0.34,36
"MOÑITOS","CÓRDOBA",41.54,43.39,0.34,281
"HATO COROZAL","CASANARE",41.47,43.4,0.34,161
"GACHALA","CUNDINAMARCA",40.45,44,0.34,63
"PUERTO GUZMAN","PUTUMAYO",40.81,43.77,0.34,97
"SAN CALIXTO","NORTE SANTANDER",40.09,44.19,0.34,32
"CHINU","CÓRDOBA",41.03,43.63,0.34,377
"SANTA CATALINA","BOLÍVAR",42.17,42.96,0.34,139
"BUENAVENTURA","VALLE",40.8,43.76,0.34,2649
"SALAMINA","MAGDALENA",40.57,43.89,0.34,104
"PROVIDENCIA","SAN ANDRÉS",41.18,43.52,0.34,49
"QUIBDO","CHOCÓ",40.77,43.75,0.34,1550
"URAMITA","ANTIOQUIA",41.15,43.51,0.34,62
"SAN ONOFRE","SUCRE",41.27,43.44,0.34,503
"REMEDIOS","ANTIOQUIA",40.98,43.6,0.34,235
"CHIMA","CÓRDOBA",40.82,43.68,0.34,189
"SATIVASUR","BOYACÁ",41.95,43,0.34,19
"ARJONA","BOLÍVAR",40.99,43.56,0.34,651
"SAN MIGUEL","PUTUMAYO",40.96,43.58,0.33,249
"HATONUEVO","LA GUAJIRA",40.46,43.86,0.33,161
"MOMPOS","BOLÍVAR",40.76,43.67,0.33,596
"VILLANUEVA","LA GUAJIRA",40.75,43.67,0.33,230
"USIACURI","ATLÁNTICO",40.16,44,0.33,67
"SALDAÑA","TOLIMA",40.84,43.59,0.33,176
"SAN MARTIN DE LOBA","BOLÍVAR",40.68,43.68,0.33,266
"FUNDACION","MAGDALENA",41.41,43.24,0.33,755
"MAPIRIPAN","META",41.11,43.42,0.33,38
"SANTANA","BOYACÁ",40.13,43.99,0.33,100
"PATIA(EL BORDO)","CAUCA",41.27,43.32,0.33,304
"PROVIDENCIA","NARIÑO",41.79,43,0.33,58
"EL BAGRE","ANTIOQUIA",40.6,43.68,0.33,502
"PUERTO CONCORDIA","META",40.81,43.55,0.33,63
"LOS PALMITOS","SUCRE",41.32,43.25,0.33,276
"CONDOTO","CHOCÓ",40.96,43.46,0.33,241
"JUAN DE ACOSTA","ATLÁNTICO",40.7,43.61,0.33,212
"JERICO","BOYACÁ",42.61,42.48,0.33,44
"GUAMO","TOLIMA",40.14,43.92,0.33,427
"ARGELIA","VALLE",39.49,44.29,0.33,63
"VICTORIA","CALDAS",40.38,43.76,0.33,131
"RAFAEL REYES (APULO)","CUNDINAMARCA",40.77,43.5,0.33,102
"AYAPEL","CÓRDOBA",40.1,43.89,0.33,374
"EL TARRA","NORTE SANTANDER",41.16,43.26,0.33,62
"ITSMINA","CHOCÓ",40.5,43.64,0.33,500
"SANTA ROSA","CAUCA",41.69,42.93,0.33,52
"SABANALARGA","ATLÁNTICO",40.2,43.79,0.33,840
"RONCESVALLES","TOLIMA",40.02,43.88,0.33,64
"EL PEÑON","CUNDINAMARCA",41.65,42.91,0.33,43
"RIO VIEJO","BOLÍVAR",39.52,44.16,0.33,91
"ANORI","ANTIOQUIA",41.36,43.07,0.33,107
"PUERTO ESCONDIDO","CÓRDOBA",40.72,43.43,0.32,254
"CICUCO","BOLÍVAR",41.17,43.17,0.32,107
"PAILITAS","CESAR",40.61,43.49,0.32,191
"SAN JOSE DEL FRAGUA","CAQUETÁ",40.56,43.52,0.32,194
"PIJAO","QUINDÍO",40.27,43.67,0.32,172
"SAN JUAN DE URABA","ANTIOQUIA",41.2,43.12,0.32,228
"TURBO","ANTIOQUIA",40.7,43.41,0.32,1425
"PUERTO CAICEDO","PUTUMAYO",40.73,43.37,0.32,160
"MOMIL","CÓRDOBA",40.89,43.26,0.32,259
"MITU","VAUPÉS",40.02,43.77,0.32,261
"GUARANDA","SUCRE",41.34,42.99,0.32,110
"POLONUEVO","ATLÁNTICO",40.35,43.57,0.32,120
"SUAN","ATLÁNTICO",41.67,42.8,0.32,99
"SUAREZ","CAUCA",40.72,43.34,0.32,189
"BELTRAN","CUNDINAMARCA",41.26,43,0.32,46
"GUACAMAYAS","BOYACÁ",39.39,44.1,0.32,31
"SANTA ROSALIA","VICHADA",41.75,42.71,0.32,24
"ALMEIDA","BOYACÁ",41.31,42.96,0.32,26
"CABRERA","CUNDINAMARCA",40.15,43.64,0.32,83
"MANAURE","LA GUAJIRA",40.23,43.59,0.32,123
"TARSO","ANTIOQUIA",40.59,43.38,0.32,89
"UTICA","CUNDINAMARCA",40.63,43.35,0.32,60
"TOTORO","CAUCA",39.38,44.08,0.32,144
"SAN FERNANDO","BOLÍVAR",40.19,43.58,0.32,123
"ALMAGUER","CAUCA",41.03,43.08,0.32,157
"LORICA","CÓRDOBA",40.56,43.34,0.32,1430
"FILADELFIA","CALDAS",39.85,43.74,0.32,133
"VEGACHI","ANTIOQUIA",40.87,43.13,0.32,157
"URIBIA","LA GUAJIRA",40.72,43.16,0.32,283
"EL BANCO","MAGDALENA",40.4,43.35,0.31,605
"SILVIA","CAUCA",39.92,43.63,0.31,358
"LEIVA","NARIÑO",41.41,42.75,0.31,88
"SAN PELAYO","CÓRDOBA",40.43,43.32,0.31,558
"GAMARRA","CESAR",41.26,42.83,0.31,127
"PALMITO","SUCRE",40.53,43.26,0.31,122
"PUERTO TEJADA","CAUCA",40.39,43.32,0.31,369
"ARIGUANI (EL DIFICIL)","MAGDALENA",40.6,43.19,0.31,342
"CEPITA","SANTANDER",39.92,43.59,0.31,24
"PURISIMA","CÓRDOBA",40.76,43.08,0.31,232
"BARRANCAS","LA GUAJIRA",41.22,42.8,0.31,321
"SOLITA","CAQUETÁ",39.8,43.63,0.31,75
"SAN CRISTOBAL","BOLÍVAR",41.6,42.55,0.31,73
"EL PASO","CESAR",40.28,43.3,0.31,391
"SAN CAYETANO","CUNDINAMARCA",41.01,42.86,0.31,78
"SUCRE","SUCRE",41.1,42.79,0.31,193
"CHIMICHAGUA","CESAR",40.38,43.22,0.31,452
"CHIVOLO","MAGDALENA",40.69,43.02,0.31,191
"BUENAVISTA","CÓRDOBA",39.71,43.59,0.31,200
"SAN SEBASTIAN","CAUCA",42.08,42.19,0.31,105
"PIJIÑO DEL CARMEN","MAGDALENA",40.02,43.39,0.31,118
"CALDONO","CAUCA",40.5,43.09,0.31,273
"SAN ZENON","MAGDALENA",40.29,43.22,0.31,112
"CUMARIBO","VICHADA",40.76,42.93,0.31,106
"LOS CORDOBAS","CÓRDOBA",39.03,43.94,0.31,174
"EL RETORNO","GUAVIARE",40.18,43.26,0.31,130
"SAN BENITO ABAD","SUCRE",40.83,42.87,0.31,317
"TOLEDO","ANTIOQUIA",38.91,43.97,0.31,32
"MARGARITA","BOLÍVAR",40.06,43.29,0.31,146
"SAN CARLOS","CÓRDOBA",40.52,43.01,0.31,220
"SAN JUAN DE BETULIA","SUCRE",41.08,42.65,0.3,192
"PELAYA","CESAR",40.28,43.09,0.3,213
"PUERTO WILCHES","SANTANDER",40.52,42.93,0.3,327
"CANALETE","CÓRDOBA",40.11,43.17,0.3,200
"AMBALEMA","TOLIMA",39.87,43.31,0.3,59
"EL CARMEN DE BOLIVAR","BOLÍVAR",40.65,42.84,0.3,799
"TUBARA","ATLÁNTICO",40.22,43.09,0.3,86
"SEGOVIA","ANTIOQUIA",41.36,42.41,0.3,301
"SANTA ANA","MAGDALENA",40.26,43.04,0.3,319
"MILAN","CAQUETÁ",39.84,43.27,0.3,62
"ALTOS DEL ROSARIO","BOLÍVAR",40.66,42.79,0.3,74
"VILLANUEVA","BOLÍVAR",40.78,42.69,0.3,242
"SAN ANTERO","CÓRDOBA",39.95,43.16,0.3,316
"OVEJAS","SUCRE",40.32,42.95,0.3,337
"COTORRA","CÓRDOBA",39.22,43.56,0.3,171
"LA CHORRERA","AMAZONAS",38.56,43.94,0.3,18
"BARBACOAS","NARIÑO",40.65,42.64,0.29,231
"DIBULLA","LA GUAJIRA",40,43.02,0.29,177
"NATAGAIMA","TOLIMA",40.6,42.67,0.29,195
"CABUYARO","META",39.37,43.39,0.29,54
"CALOTO","CAUCA",40.61,42.63,0.29,514
"NECOCLI","ANTIOQUIA",40.66,42.54,0.29,569
"ZARAGOZA","ANTIOQUIA",40.33,42.73,0.29,238
"TORIBIO","CAUCA",39.07,43.46,0.29,243
"CANDELARIA","ATLÁNTICO",41.86,41.82,0.29,104
"GUAMAL","MAGDALENA",40.06,42.87,0.29,403
"ACANDI","CHOCÓ",39.74,43.04,0.29,57
"TALAIGUA NUEVO","BOLÍVAR",40.46,42.56,0.29,222
"MAGUI (PAYAN)","NARIÑO",40.88,42.3,0.29,56
"ALGARROBO","MAGDALENA",40.25,42.62,0.29,138
"CIENAGA","MAGDALENA",40.42,42.45,0.28,1073
"FLORENCIA","CAUCA",40.27,42.54,0.28,78
"GALAN","SANTANDER",41.45,41.79,0.28,56
"ZAMBRANO","BOLÍVAR",40.45,42.35,0.28,159
"EL LITORAL DEL SAN JUAN","CHOCÓ",42.74,40.96,0.28,23
"OLAYA HERRERA","NARIÑO",39.51,42.82,0.28,100
"CANTAGALLO","BOLÍVAR",42.23,41.17,0.28,85
"MORALES","BOLÍVAR",40.41,42.24,0.27,210
"TUMACO","NARIÑO",40.11,42.41,0.27,2056
"TOPAIPI","CUNDINAMARCA",40.8,42,0.27,66
"ARENAL","BOLÍVAR",39.22,42.86,0.27,96
"PINILLOS","BOLÍVAR",39.18,42.88,0.27,248
"UNGUIA","CHOCÓ",40.38,42.17,0.27,76
"MURINDO","ANTIOQUIA",40.11,42.33,0.27,9
"SABANAS DE SAN ANGEL","MAGDALENA",40.13,42.3,0.27,91
"SAN JACINTO DEL CAUCA","BOLÍVAR",41.06,41.75,0.27,95
"FLANDES","TOLIMA",40.45,42.1,0.27,242
"NUEVA GRANADA","MAGDALENA",39.79,42.49,0.27,89
"EL CHARCO","NARIÑO",40.87,41.81,0.27,159
"ZONA BANANERA","MAGDALENA",40.03,42.31,0.27,663
"ALBANIA","LA GUAJIRA",40.29,42.13,0.27,166
"LA JAGUA DEL PILAR","LA GUAJIRA",40.47,42,0.27,19
"PLATO","MAGDALENA",39.62,42.46,0.27,603
"VILLA RICA","CAUCA",39.74,42.37,0.27,178
"PADILLA","CAUCA",39.5,42.48,0.26,96
"SANTA BARBARA DE PINTO","MAGDALENA",41.72,41.14,0.26,35
"TAMALAMEQUE","CESAR",40.06,42.11,0.26,189
"COVEÑAS","SUCRE",39.45,42.45,0.26,275
"SANTA ROSA","BOLÍVAR",40.27,41.96,0.26,207
"JAMBALO","CAUCA",39.04,42.66,0.26,165
"TIQUISIO (PUERTO RICO)","BOLÍVAR",40.37,41.87,0.26,170
"CAIMITO","SUCRE",39.63,42.29,0.26,123
"EL PEÑON","BOLÍVAR",39.81,42.15,0.26,85
"SAN ANDRES SOTAVENTO","CÓRDOBA",39.49,42.28,0.26,752
"PAEZ (BELALCAZAR)","CAUCA",39.27,42.4,0.26,332
"PUERTO NARIÑO","AMAZONAS",39.7,42.16,0.26,76
"BARRANCO DE LOBA","BOLÍVAR",39.58,42.22,0.26,155
"CUMBITARA","NARIÑO",38.41,42.9,0.26,98
"TENERIFE","MAGDALENA",39.56,42.23,0.26,124
"COLOSO (RICAURTE)","SUCRE",37.92,43.11,0.25,100
"ARACATACA","MAGDALENA",40.06,41.85,0.25,466
"ACHI","BOLÍVAR",40.25,41.72,0.25,339
"MARULANDA","CALDAS",36.61,43.82,0.25,28
"MAHATES","BOLÍVAR",39.64,42.04,0.25,359
"GUACHENÉ","CAUCA",38.27,42.82,0.25,11
"DISTRACCION","LA GUAJIRA",39.39,42.13,0.25,91
"LLORO","CHOCÓ",40.24,41.61,0.25,46
"LURUACO","ATLÁNTICO",39.85,41.8,0.25,280
"MAJAGUAL","SUCRE",39.55,41.94,0.25,464
"EL PIÑON","MAGDALENA",39.88,41.73,0.25,212
"PONEDERA","ATLÁNTICO",39.85,41.71,0.24,198
"HATILLO DE LOBA","BOLÍVAR",39.17,42.08,0.24,158
"MARIA LA BAJA","BOLÍVAR",39.61,41.82,0.24,554
"BAHIA SOLANO (MUTIS)","CHOCÓ",39.43,41.92,0.24,104
"SIPI","CHOCÓ",39.73,41.73,0.24,15
"CAMPO DE LA CRUZ","ATLÁNTICO",40.34,41.35,0.24,249
"EL RETEN","MAGDALENA",39.58,41.79,0.24,245
"FRANCISCO PIZARRO","NARIÑO",39.01,42.06,0.24,85
"COYAIMA","TOLIMA",39.63,41.65,0.24,305
"CALAMAR","BOLÍVAR",40.54,41.01,0.23,237
"JORDAN","SANTANDER",44.43,38.71,0.23,7
"PIOJO","ATLÁNTICO",40.2,41.15,0.23,59
"SOLANO","CAQUETÁ",37.85,42.5,0.23,42
"GUAPI","CAUCA",39.48,41.49,0.23,311
"SOPLAVIENTO","BOLÍVAR",39.6,41.31,0.22,91
"CANTON DEL SAN PABLO","CHOCÓ",39.92,41.12,0.22,51
"MANATI","ATLÁNTICO",39.89,41.12,0.22,195
"SAN ESTANISLAO","BOLÍVAR",39.5,41.34,0.22,187
"GUATAQUI","CUNDINAMARCA",38.84,41.73,0.22,44
"CLEMENCIA","BOLÍVAR",40.27,40.88,0.22,26
"BUENOS AIRES","CAUCA",39.02,41.57,0.22,224
"TARAPACA","AMAZONAS",39.35,41.35,0.22,20
"MEDIO ATRATO","CHOCÓ",37.67,42.33,0.22,3
"SANTA BARBARA (ISCUANDE)","NARIÑO",39.42,41.29,0.22,24
"CERTEGUI","CHOCÓ",37.28,42.47,0.22,47
"NUQUI","CHOCÓ",40.48,40.5,0.21,40
"NOVITA","CHOCÓ",39.83,40.88,0.21,42
"TADO","CHOCÓ",39.38,41.14,0.21,280
"ZAPAYAN","MAGDALENA",40.5,40.47,0.21,76
"EL GUAMO","BOLÍVAR",39.78,40.87,0.21,69
"BAGADO","CHOCÓ",39.5,41.02,0.21,75
"PUEBLO RICO","RISARALDA",39.41,41.04,0.21,141
"EL MOLINO","LA GUAJIRA",38.33,41.67,0.21,42
"CONCORDIA","MAGDALENA",39.27,41.06,0.21,151
"REMOLINO","MAGDALENA",39.51,40.81,0.2,95
"MEDIO BAUDO","CHOCÓ",40.73,40.09,0.2,22
"MAPIRIPANA","GUAINÍA",38.79,41.21,0.2,19
"LA TOLA","NARIÑO",41.52,39.59,0.2,56
"PUEBLOVIEJO","MAGDALENA",39.83,40.49,0.2,251
"CERRO SAN ANTONIO","MAGDALENA",38.37,41.3,0.2,60
"CARMEN DEL DARIEN","CHOCÓ",40.38,40.1,0.2,29
"VIGIA DEL FUERTE","ANTIOQUIA",39.74,40.39,0.19,65
"PTO SANTANDER","AMAZONAS",40.64,39.82,0.19,11
"ROBERTO PAYAN (SAN JOSE)","NARIÑO",38.25,41.2,0.19,56
"SANTA LUCIA","ATLÁNTICO",38.68,40.93,0.19,129
"MEDIO SAN JUAN","CHOCÓ",37.52,41.55,0.19,31
"MONTECRISTO","BOLÍVAR",38.84,40.6,0.18,43
"REGIDOR","BOLÍVAR",38.46,40.72,0.18,46
"PEDRAZA","MAGDALENA",38.77,40.43,0.17,111
"MOSQUERA","NARIÑO",39.97,39.72,0.17,58
"RIO IRO","CHOCÓ",37.72,41,0.17,42
"LOPEZ (MICAY)","CAUCA",38.99,40.14,0.17,111
"REPELON","ATLÁNTICO",38.08,40.67,0.17,231
"RIO QUITO","CHOCÓ",39.75,39.64,0.17,77
"UNION PANAMERICANA","CHOCÓ",36.4,41.6,0.17,15
"TIMBIQUI","CAUCA",38.87,39.98,0.16,162
"ARROYOHONDO","BOLÍVAR",39.33,39.43,0.15,70
"ALTO BAUDO (PIE DE PATO)","CHOCÓ",40.17,38.8,0.14,35
"YAVARATE","VAUPÉS",37,40.5,0.14,4
"RIOSUCIO","CHOCÓ",38.69,39.44,0.14,122
"BAJO BAUDO   (PIZARRO)","CHOCÓ",38.43,39.55,0.14,44
"LA PEDRERA","AMAZONAS",38.47,39.5,0.13,30
"ATRATO (YUTO)","CHOCÓ",37.5,39.4,0.11,70
"BOJAYA (BELLAVISTA)","CHOCÓ",40.2,37.8,0.11,5
"JURADO","CHOCÓ",35.06,39.22,0.05,18
